48,48,48,48,48,48,38,58,144,162,205,189,130,100,132,75,236,162,86,236,238,210,42,5,214,129,105,242,205,126,239
48,48,48,48,48,48,38,58,144,162,205,189,130,100,132,75,236,162,86,236,238,210,42,5,214,129,105,242,205,126,239
48,48,48,48,48,48,38,58,144,162,205,189,130,100,132,75,236,162,86,236,238,210,42,5,214,129,105,242,205,126,239
48,48,48,48,48,48,38,58,144,162,205,189,130,100,132,75,236,162,86,236,238,210,42,5,214,129,105,242,205,126,239
48,48,48,48,48,48,38,58,144,162,205,189,130,100,132,75,236,162,86,236,238,210,42,5,214,129,105,242,205,126,239
48,48,48,48,48,48,38,58,144,162,205,189,130,100,132,75,236,162,86,236,238,210,42,5,214,129,105,242,205,126,239
48,48,48,48,48,48,38,58,144,162,205,189,130,100,132,75,236,162,86,236,238,210,42,5,214,129,105,242,205,126,239
48,48,48,48,48,48,38,58,144,162,205,189,130,100,132,75,236,162,86,236,238,210,42,5,214,129,105,242,205,126,239
48,48,48,48,48,48,38,58,144,162,205,189,130,100,132,75,236,162,86,236,238,210,42,5,214,129,105,242,205,126,239
48,48,48,48,48,48,38,58,144,162,205,189,130,100,132,75,236,162,86,236,238,210,42,5,214,129,105,242,205,126,239
48,48,48,48,48,48,38,58,144,162,205,189,130,100,132,75,236,162,86,236,238,210,42,5,214,129,105,242,205,126,239
48,48,48,48,48,48,38,58,144,162,205,189,130,100,132,75,236,162,86,236,238,210,42,5,214,129,105,242,205,126,239
48,48,48,48,48,48,38,58,144,162,205,189,130,100,132,75,236,162,86,236,238,210,42,5,214,129,105,242,205,126,239
48,48,48,48,48,48,38,58,144,162,205,189,130,100,132,75,236,162,86,236,238,210,42,5,214,129,105,242,205,126,239
48,48,48,48,48,48,38,58,144,162,205,189,130,100,132,75,236,162,86,236,238,210,42,5,214,129,105,242,205,126,239
48,48,48,48,48,48,38,58,144,162,205,189,130,100,132,75,236,162,86,236,238,210,42,5,214,129,105,242,205,126,239
48,48,48,48,48,48,38,58,144,162,205,189,130,100,132,75,236,162,86,236,238,210,42,5,214,129,105,242,205,126,239
48,48,48,48,48,48,38,58,144,162,205,189,130,100,132,75,236,162,86,236,238,210,42,5,214,129,105,242,205,126,239
48,48,48,48,48,48,38,58,144,162,205,189,130,100,132,75,236,162,86,236,238,210,42,5,214,129,105,242,205,126,239
48,48,48,48,48,48,38,58,144,162,205,189,130,100,132,75,236,162,86,236,238,210,42,5,214,129,105,242,205,126,239
48,48,48,48,48,48,38,58,144,162,205,189,130,100,132,75,236,162,86,236,238,210,42,5,214,129,105,242,205,126,239
48,48,48,48,48,48,38,58,144,162,205,189,130,100,132,75,236,162,86,236,238,210,42,5,214,129,105,242,205,126,239
48,48,48,48,48,48,38,58,144,162,205,189,130,100,132,75,236,162,86,236,238,210,42,5,214,129,105,242,205,126,239
48,48,48,48,48,48,38,58,144,162,205,189,130,100,132,75,236,162,86,236,238,210,42,5,214,129,105,242,205,126,239
48,48,48,48,48,48,38,58,144,162,205,189,130,100,132,75,236,162,86,236,238,210,42,5,214,129,105,242,205,126,239
48,48,48,48,48,48,38,58,144,162,205,189,130,100,132,75,236,162,86,236,238,210,42,5,214,129,105,242,205,126,239
48,48,48,48,48,48,38,58,144,162,205,189,130,100,132,75,236,162,86,236,238,210,42,5,214,129,105,242,205,126,239
48,48,48,48,48,48,38,58,144,162,205,189,130,100,132,75,236,162,86,236,238,210,42,5,214,129,105,242,205,126,239
48,48,48,48,48,48,38,58,144,162,205,189,130,100,132,75,236,162,86,236,238,210,42,5,214,129,105,242,205,126,239
48,48,48,48,48,48,38,58,144,162,205,189,130,100,132,75,236,162,86,236,238,210,42,5,214,129,105,242,205,126,239
48,48,48,48,48,48,38,58,144,162,205,189,130,100,132,75,236,162,86,236,238,210,42,5,214,129,105,242,205,126,239
48,48,48,48,48,48,38,58,144,162,205,189,130,100,132,75,236,162,86,236,238,210,42,5,214,129,105,242,205,126,239
48,48,48,48,48,48,38,58,144,162,205,189,130,100,132,75,236,162,86,236,238,210,42,5,214,129,105,242,205,126,239
48,48,48,48,48,48,38,58,144,162,205,189,130,100,132,75,236,162,86,236,238,210,42,5,214,129,105,242,205,126,239
48,48,48,48,48,48,38,58,144,162,205,189,130,100,132,75,236,162,86,236,238,210,42,5,214,129,105,242,205,126,239
48,48,48,48,48,48,38,58,144,162,205,189,130,100,132,75,236,162,86,236,238,210,42,5,214,129,105,242,205,126,239
48,48,48,48,48,48,38,58,144,162,205,189,130,100,132,75,236,162,86,236,238,210,42,5,214,129,105,242,205,126,239
48,48,48,48,48,48,38,58,144,162,205,189,130,100,132,75,236,162,86,236,238,210,42,5,214,129,105,242,205,126,239
48,48,48,48,48,48,38,58,144,162,205,189,130,100,132,75,236,162,86,236,238,210,42,5,214,129,105,242,205,126,239
48,48,48,48,48,48,38,58,144,162,205,189,130,100,132,75,236,162,86,236,238,210,42,5,214,129,105,242,205,126,239
48,48,48,48,48,48,38,58,144,162,205,189,130,100,132,75,236,162,86,236,238,210,42,5,214,129,105,242,205,126,239
48,48,48,48,48,48,38,58,144,162,205,189,130,100,132,75,236,162,86,236,238,210,42,5,214,129,105,242,205,126,239
48,48,48,48,48,48,38,58,144,162,205,189,130,100,132,75,236,162,86,236,238,210,42,5,214,129,105,242,205,126,239
48,48,48,48,48,48,38,58,144,162,205,189,130,100,132,75,236,162,86,236,238,210,42,5,214,129,105,242,205,126,239
48,48,48,48,48,48,38,58,144,162,205,189,130,100,132,75,236,162,86,236,238,210,42,5,214,129,105,242,205,126,239
48,48,48,48,48,48,38,58,144,162,205,189,130,100,132,75,236,162,86,236,238,210,42,5,214,129,105,242,205,126,239
48,48,48,48,48,48,38,58,144,162,205,189,130,100,132,75,236,162,86,236,238,210,42,5,214,129,105,242,205,126,239
48,48,48,48,48,48,38,58,144,162,205,189,130,100,132,75,236,162,86,236,238,210,42,5,214,129,105,242,205,126,239
48,48,48,48,48,48,38,58,144,162,205,189,130,100,132,75,236,162,86,236,238,210,42,5,214,129,105,242,205,126,239
48,48,48,48,48,48,38,58,144,162,205,189,130,100,132,75,236,162,86,236,238,210,42,5,214,129,105,242,205,126,239
48,48,48,48,48,48,38,58,144,162,205,189,130,100,132,75,236,162,86,236,238,210,42,5,214,129,105,242,205,126,239
48,48,48,48,48,48,38,58,144,162,205,189,130,100,132,75,236,162,86,236,238,210,42,5,214,129,105,242,205,126,239
48,48,48,48,48,48,38,58,144,162,205,189,130,100,132,75,236,162,86,236,238,210,42,5,214,129,105,242,205,126,239
48,48,48,48,48,48,38,58,144,162,205,189,130,100,132,75,236,162,86,236,238,210,42,5,214,129,105,242,205,126,239
48,48,48,48,48,48,38,58,144,162,205,189,130,100,132,75,236,162,86,236,238,210,42,5,214,129,105,242,205,126,239
48,48,48,48,48,48,38,58,144,162,205,189,130,100,132,75,236,162,86,236,238,210,42,5,214,129,105,242,205,126,239
48,48,48,48,48,48,38,58,144,162,205,189,130,100,132,75,236,162,86,236,238,210,42,5,214,129,105,242,205,126,239
48,48,48,48,48,48,38,58,144,162,205,189,130,100,132,75,236,162,86,236,238,210,42,5,214,129,105,242,205,126,239
48,48,48,48,48,48,38,58,144,162,205,189,130,100,132,75,236,162,86,236,238,210,42,5,214,129,105,242,205,126,239
48,48,48,48,48,48,38,58,144,162,205,189,130,100,132,75,236,162,86,236,238,210,42,5,214,129,105,242,205,126,239
48,48,48,48,48,48,38,58,144,162,205,189,130,100,132,75,236,162,86,236,238,210,42,5,214,129,105,242,205,126,239
48,48,48,48,48,48,38,58,144,162,205,189,130,100,132,75,236,162,86,236,238,210,42,5,214,129,105,242,205,126,239
48,48,48,48,48,48,38,58,144,162,205,189,130,100,132,75,236,162,86,236,238,210,42,5,214,129,105,242,205,126,239
48,48,48,48,48,48,38,58,144,162,205,189,130,100,132,75,236,162,86,236,238,210,42,5,214,129,105,242,205,126,239
48,48,48,48,48,48,38,58,144,162,205,189,130,100,132,75,236,162,86,236,238,210,42,5,214,129,105,242,205,126,239
48,48,48,48,48,48,38,58,144,162,205,189,130,100,132,75,236,162,86,236,238,210,42,5,214,129,105,242,205,126,239
48,48,48,48,48,48,38,58,144,162,205,189,130,100,132,75,236,162,86,236,238,210,42,5,214,129,105,242,205,126,239
48,48,48,48,48,48,38,58,144,162,205,189,130,100,132,75,236,162,86,236,238,210,42,5,214,129,105,242,205,126,239
48,48,48,48,48,48,38,58,144,162,205,189,130,100,132,75,236,162,86,236,238,210,42,5,214,129,105,242,205,126,239
48,48,48,48,48,48,38,58,144,162,205,189,130,100,132,75,236,162,86,236,238,210,42,5,214,129,105,242,205,126,239
48,48,48,48,48,48,38,58,144,162,205,189,130,100,132,75,236,162,86,236,238,210,42,5,214,129,105,242,205,126,239
48,48,48,48,48,48,38,58,144,162,205,189,130,100,132,75,236,162,86,236,238,210,42,5,214,129,105,242,205,126,239
48,48,48,48,48,48,38,58,144,162,205,189,130,100,132,75,236,162,86,236,238,210,42,5,214,129,105,242,205,126,239
48,48,48,48,48,48,38,58,144,162,205,189,130,100,132,75,236,162,86,236,238,210,42,5,214,129,105,242,205,126,239
48,48,48,48,48,48,38,58,144,162,205,189,130,100,132,75,236,162,86,236,238,210,42,5,214,129,105,242,205,126,239
48,49,48,49,48,49,230,34,26,243,84,23,111,157,157,3,186,181,1,186,137,133,51,4,93,165,144,97,45,55,159
48,49,48,49,48,49,230,34,26,243,84,23,111,157,157,3,186,181,1,186,137,133,51,4,93,165,144,97,45,55,159
48,49,48,49,48,49,230,34,26,243,84,23,111,157,157,3,186,181,1,186,137,133,51,4,93,165,144,97,45,55,159
48,49,48,49,48,49,230,34,26,243,84,23,111,157,157,3,186,181,1,186,137,133,51,4,93,165,144,97,45,55,159
48,49,48,49,48,49,230,34,26,243,84,23,111,157,157,3,186,181,1,186,137,133,51,4,93,165,144,97,45,55,159
48,49,48,49,48,49,230,34,26,243,84,23,111,157,157,3,186,181,1,186,137,133,51,4,93,165,144,97,45,55,159
48,49,48,49,48,49,230,34,26,243,84,23,111,157,157,3,186,181,1,186,137,133,51,4,93,165,144,97,45,55,159
48,49,48,49,48,49,230,34,26,243,84,23,111,157,157,3,186,181,1,186,137,133,51,4,93,165,144,97,45,55,159
48,49,48,49,48,49,230,34,26,243,84,23,111,157,157,3,186,181,1,186,137,133,51,4,93,165,144,97,45,55,159
48,49,48,49,48,49,230,34,26,243,84,23,111,157,157,3,186,181,1,186,137,133,51,4,93,165,144,97,45,55,159
48,49,48,49,48,49,230,34,26,243,84,23,111,157,157,3,186,181,1,186,137,133,51,4,93,165,144,97,45,55,159
48,49,48,49,48,49,230,34,26,243,84,23,111,157,157,3,186,181,1,186,137,133,51,4,93,165,144,97,45,55,159
48,49,48,49,48,49,230,34,26,243,84,23,111,157,157,3,186,181,1,186,137,133,51,4,93,165,144,97,45,55,159
48,49,48,49,48,49,230,34,26,243,84,23,111,157,157,3,186,181,1,186,137,133,51,4,93,165,144,97,45,55,159
48,49,48,49,48,49,230,34,26,243,84,23,111,157,157,3,186,181,1,186,137,133,51,4,93,165,144,97,45,55,159
48,49,48,49,48,49,230,34,26,243,84,23,111,157,157,3,186,181,1,186,137,133,51,4,93,165,144,97,45,55,159
48,49,48,49,48,49,230,34,26,243,84,23,111,157,157,3,186,181,1,186,137,133,51,4,93,165,144,97,45,55,159
48,49,48,49,48,49,230,34,26,243,84,23,111,157,157,3,186,181,1,186,137,133,51,4,93,165,144,97,45,55,159
48,49,48,49,48,49,230,34,26,243,84,23,111,157,157,3,186,181,1,186,137,133,51,4,93,165,144,97,45,55,159
48,49,48,49,48,49,230,34,26,243,84,23,111,157,157,3,186,181,1,186,137,133,51,4,93,165,144,97,45,55,159
48,49,48,49,48,49,230,34,26,243,84,23,111,157,157,3,186,181,1,186,137,133,51,4,93,165,144,97,45,55,159
48,49,48,49,48,49,230,34,26,243,84,23,111,157,157,3,186,181,1,186,137,133,51,4,93,165,144,97,45,55,159
48,49,48,49,48,49,230,34,26,243,84,23,111,157,157,3,186,181,1,186,137,133,51,4,93,165,144,97,45,55,159
48,49,48,49,48,49,230,34,26,243,84,23,111,157,157,3,186,181,1,186,137,133,51,4,93,165,144,97,45,55,159
48,49,48,49,48,49,230,34,26,243,84,23,111,157,157,3,186,181,1,186,137,133,51,4,93,165,144,97,45,55,159
48,49,48,49,48,49,230,34,26,243,84,23,111,157,157,3,186,181,1,186,137,133,51,4,93,165,144,97,45,55,159
48,49,48,49,48,49,230,34,26,243,84,23,111,157,157,3,186,181,1,186,137,133,51,4,93,165,144,97,45,55,159
48,49,48,49,48,49,230,34,26,243,84,23,111,157,157,3,186,181,1,186,137,133,51,4,93,165,144,97,45,55,159
48,49,48,49,48,49,230,34,26,243,84,23,111,157,157,3,186,181,1,186,137,133,51,4,93,165,144,97,45,55,159
48,49,48,49,48,49,230,34,26,243,84,23,111,157,157,3,186,181,1,186,137,133,51,4,93,165,144,97,45,55,159
48,49,48,49,48,49,230,34,26,243,84,23,111,157,157,3,186,181,1,186,137,133,51,4,93,165,144,97,45,55,159
48,49,48,49,48,49,230,34,26,243,84,23,111,157,157,3,186,181,1,186,137,133,51,4,93,165,144,97,45,55,159
48,49,48,49,48,49,230,34,26,243,84,23,111,157,157,3,186,181,1,186,137,133,51,4,93,165,144,97,45,55,159
48,49,48,49,48,49,230,34,26,243,84,23,111,157,157,3,186,181,1,186,137,133,51,4,93,165,144,97,45,55,159
48,49,48,49,48,49,230,34,26,243,84,23,111,157,157,3,186,181,1,186,137,133,51,4,93,165,144,97,45,55,159
48,49,48,49,48,49,230,34,26,243,84,23,111,157,157,3,186,181,1,186,137,133,51,4,93,165,144,97,45,55,159
48,49,48,49,48,49,230,34,26,243,84,23,111,157,157,3,186,181,1,186,137,133,51,4,93,165,144,97,45,55,159
48,49,48,49,48,49,230,34,26,243,84,23,111,157,157,3,186,181,1,186,137,133,51,4,93,165,144,97,45,55,159
48,49,48,49,48,49,230,34,26,243,84,23,111,157,157,3,186,181,1,186,137,133,51,4,93,165,144,97,45,55,159
48,49,48,49,48,49,230,34,26,243,84,23,111,157,157,3,186,181,1,186,137,133,51,4,93,165,144,97,45,55,159
48,49,48,49,48,49,230,34,26,243,84,23,111,157,157,3,186,181,1,186,137,133,51,4,93,165,144,97,45,55,159
48,49,48,49,48,49,230,34,26,243,84,23,111,157,157,3,186,181,1,186,137,133,51,4,93,165,144,97,45,55,159
48,49,48,49,48,49,230,34,26,243,84,23,111,157,157,3,186,181,1,186,137,133,51,4,93,165,144,97,45,55,159
48,49,48,49,48,49,230,34,26,243,84,23,111,157,157,3,186,181,1,186,137,133,51,4,93,165,144,97,45,55,159
48,49,48,49,48,49,230,34,26,243,84,23,111,157,157,3,186,181,1,186,137,133,51,4,93,165,144,97,45,55,159
48,49,48,49,48,49,230,34,26,243,84,23,111,157,157,3,186,181,1,186,137,133,51,4,93,165,144,97,45,55,159
48,49,48,49,48,49,230,34,26,243,84,23,111,157,157,3,186,181,1,186,137,133,51,4,93,165,144,97,45,55,159
48,49,48,49,48,49,230,34,26,243,84,23,111,157,157,3,186,181,1,186,137,133,51,4,93,165,144,97,45,55,159
48,49,48,49,48,49,230,34,26,243,84,23,111,157,157,3,186,181,1,186,137,133,51,4,93,165,144,97,45,55,159
48,49,48,49,48,49,230,34,26,243,84,23,111,157,157,3,186,181,1,186,137,133,51,4,93,165,144,97,45,55,159
48,49,48,49,48,49,230,34,26,243,84,23,111,157,157,3,186,181,1,186,137,133,51,4,93,165,144,97,45,55,159
48,49,48,49,48,49,230,34,26,243,84,23,111,157,157,3,186,181,1,186,137,133,51,4,93,165,144,97,45,55,159
48,49,48,49,48,49,230,34,26,243,84,23,111,157,157,3,186,181,1,186,137,133,51,4,93,165,144,97,45,55,159
48,49,48,49,48,49,230,34,26,243,84,23,111,157,157,3,186,181,1,186,137,133,51,4,93,165,144,97,45,55,159
48,49,48,49,48,49,230,34,26,243,84,23,111,157,157,3,186,181,1,186,137,133,51,4,93,165,144,97,45,55,159
48,49,48,49,48,49,230,34,26,243,84,23,111,157,157,3,186,181,1,186,137,133,51,4,93,165,144,97,45,55,159
48,49,48,49,48,49,230,34,26,243,84,23,111,157,157,3,186,181,1,186,137,133,51,4,93,165,144,97,45,55,159
48,49,48,49,48,49,230,34,26,243,84,23,111,157,157,3,186,181,1,186,137,133,51,4,93,165,144,97,45,55,159
48,49,48,49,48,49,230,34,26,243,84,23,111,157,157,3,186,181,1,186,137,133,51,4,93,165,144,97,45,55,159
48,49,48,49,48,49,230,34,26,243,84,23,111,157,157,3,186,181,1,186,137,133,51,4,93,165,144,97,45,55,159
48,49,48,49,48,49,230,34,26,243,84,23,111,157,157,3,186,181,1,186,137,133,51,4,93,165,144,97,45,55,159
48,49,48,49,48,49,230,34,26,243,84,23,111,157,157,3,186,181,1,186,137,133,51,4,93,165,144,97,45,55,159
48,49,48,49,48,49,230,34,26,243,84,23,111,157,157,3,186,181,1,186,137,133,51,4,93,165,144,97,45,55,159
48,49,48,49,48,49,230,34,26,243,84,23,111,157,157,3,186,181,1,186,137,133,51,4,93,165,144,97,45,55,159
48,49,48,49,48,49,230,34,26,243,84,23,111,157,157,3,186,181,1,186,137,133,51,4,93,165,144,97,45,55,159
48,49,48,49,48,49,230,34,26,243,84,23,111,157,157,3,186,181,1,186,137,133,51,4,93,165,144,97,45,55,159
48,49,48,49,48,49,230,34,26,243,84,23,111,157,157,3,186,181,1,186,137,133,51,4,93,165,144,97,45,55,159
48,49,48,49,48,49,230,34,26,243,84,23,111,157,157,3,186,181,1,186,137,133,51,4,93,165,144,97,45,55,159
48,49,48,49,48,49,230,34,26,243,84,23,111,157,157,3,186,181,1,186,137,133,51,4,93,165,144,97,45,55,159
48,49,48,49,48,49,230,34,26,243,84,23,111,157,157,3,186,181,1,186,137,133,51,4,93,165,144,97,45,55,159
48,49,48,49,48,49,230,34,26,243,84,23,111,157,157,3,186,181,1,186,137,133,51,4,93,165,144,97,45,55,159
48,49,48,49,48,49,230,34,26,243,84,23,111,157,157,3,186,181,1,186,137,133,51,4,93,165,144,97,45,55,159
48,49,48,49,48,49,230,34,26,243,84,23,111,157,157,3,186,181,1,186,137,133,51,4,93,165,144,97,45,55,159
48,49,48,49,48,49,230,34,26,243,84,23,111,157,157,3,186,181,1,186,137,133,51,4,93,165,144,97,45,55,159
48,49,48,49,48,49,230,34,26,243,84,23,111,157,157,3,186,181,1,186,137,133,51,4,93,165,144,97,45,55,159
